{"properties":{"connectionReferences":{"shared_commondataserviceforapps":{"runtimeSource":"embedded","connection":{},"api":{"name":"shared_commondataserviceforapps"}},"shared_notiivybrowsernotif":{"runtimeSource":"embedded","connection":{},"api":{"name":"shared_notiivybrowsernotif"}}},"definition":{"$schema":"https://schema.management.azure.com/providers/Microsoft.Logic/schemas/2016-06-01/workflowdefinition.json#","contentVersion":"1.0.0.0","parameters":{"$connections":{"defaultValue":{},"type":"Object"},"$authentication":{"defaultValue":{},"type":"SecureObject"}},"triggers":{"When_a_notification_is_created_or_updated_(status_reason_=_send)":{"type":"OpenApiConnectionWebhook","inputs":{"host":{"connectionName":"shared_commondataserviceforapps","operationId":"SubscribeWebhookTrigger","apiId":"/providers/Microsoft.PowerApps/apis/shared_commondataserviceforapps"},"parameters":{"subscriptionRequest/message":4,"subscriptionRequest/entityname":"ntvy_notification","subscriptionRequest/scope":4},"authentication":"@parameters('$authentication')"},"conditions":[{"expression":"@equals(triggerBody()?['statuscode'],781870000)"}]}},"actions":{"Check_if_Notification_Template_must_be_implemented":{"actions":{"Get_the_Notification_Template":{"runAfter":{},"type":"OpenApiConnection","inputs":{"host":{"connectionName":"shared_commondataserviceforapps","operationId":"GetItem","apiId":"/providers/Microsoft.PowerApps/apis/shared_commondataserviceforapps"},"parameters":{"entityName":"ntvy_notificationtemplates","recordId":"@triggerOutputs()?['body/_ntvy_notificationtemplate_value']"},"authentication":"@parameters('$authentication')"}},"Send_notification_to_recipient_with_Template":{"runAfter":{"Get_the_Notification_Template":["Succeeded"]},"type":"OpenApiConnection","inputs":{"host":{"connectionName":"shared_notiivybrowsernotif","operationId":"SendToIndividual","apiId":"/providers/Microsoft.PowerApps/apis/shared_notiivybrowsernotif"},"parameters":{"Message Detail/recipientuid":"@variables('Recipient UID')","Message Detail/notification/title":"@triggerOutputs()?['body/subject']","Message Detail/notification/body":"@triggerOutputs()?['body/description']","Message Detail/notification/image":"@outputs('Get_the_Notification_Template')?['body/ntvy_headerimageurl']","Message Detail/notification/icon":"@outputs('Get_the_Notification_Template')?['body/ntvy_iconurl']","Message Detail/notification/requireInteraction":"@outputs('Get_the_Notification_Template')?['body/ntvy_requiresinteraction']","Message Detail/notification/actions":[{"action":"@triggerOutputs()?['body/ntvy_actionbutton1url']","title":"@triggerOutputs()?['body/ntvy_actionbutton1label']"},{"action":"@triggerOutputs()?['body/ntvy_actionbutton2url']","title":"@triggerOutputs()?['body/ntvy_actionbutton2label']"}]},"authentication":"@parameters('$authentication')"}}},"runAfter":{"Initialize_Recipient_UID":["Succeeded"]},"else":{"actions":{"Send_notification_to_recipient":{"runAfter":{},"type":"OpenApiConnection","inputs":{"host":{"connectionName":"shared_notiivybrowsernotif","operationId":"SendToIndividual","apiId":"/providers/Microsoft.PowerApps/apis/shared_notiivybrowsernotif"},"parameters":{"Message Detail/recipientuid":"@variables('Recipient UID')","Message Detail/notification/title":"@triggerOutputs()?['body/subject']","Message Detail/notification/body":"@triggerOutputs()?['body/description']","Message Detail/notification/image":"@triggerOutputs()?['body/ntvy_headerimageurl']","Message Detail/notification/icon":"@triggerOutputs()?['body/ntvy_iconurl']","Message Detail/notification/requireInteraction":"@triggerOutputs()?['body/ntvy_requiresinteraction']","Message Detail/notification/actions":[{"action":"@triggerOutputs()?['body/ntvy_actionbutton1url']","title":"@triggerOutputs()?['body/ntvy_actionbutton1label']"},{"action":"@triggerOutputs()?['body/ntvy_actionbutton2url']","title":"@triggerOutputs()?['body/ntvy_actionbutton2label']"}]},"authentication":"@parameters('$authentication')"}}}},"expression":{"not":{"equals":["@triggerOutputs()?['body/_ntvy_notificationtemplate_value']","@null"]}},"type":"If"},"Update_notification_as_Sent":{"runAfter":{"Check_if_Notification_Template_must_be_implemented":["Succeeded"]},"type":"OpenApiConnection","inputs":{"host":{"connectionName":"shared_commondataserviceforapps","operationId":"UpdateRecord","apiId":"/providers/Microsoft.PowerApps/apis/shared_commondataserviceforapps"},"parameters":{"entityName":"ntvy_notifications","recordId":"@triggerOutputs()?['body/activityid']","item/statecode":1,"item/statuscode":2},"authentication":"@parameters('$authentication')"}},"Initialize_Recipient_UID":{"runAfter":{},"type":"InitializeVariable","inputs":{"variables":[{"name":"Recipient UID","type":"string","value":"@{if(equals(triggerOutputs()?['body/ntvy_sendtouser'],true),triggerOutputs()?['body/_ntvy_user_value'],triggerOutputs()?['body/_regardingobjectid_value'])}"}]}}},"outputs":{}}},"schemaVersion":"1.0.0.0"}