{"properties":{"connectionReferences":{"shared_commondataservice":{"runtimeSource":"invoker","connection":{},"api":{"name":"shared_commondataservice"}},"shared_notiivybrowsernotif":{"runtimeSource":"invoker","connection":{},"api":{"name":"shared_notiivybrowsernotif"}},"shared_commondataserviceforapps":{"runtimeSource":"embedded","connection":{},"api":{"name":"shared_commondataserviceforapps"}}},"definition":{"$schema":"https://schema.management.azure.com/providers/Microsoft.Logic/schemas/2016-06-01/workflowdefinition.json#","contentVersion":"1.0.0.0","parameters":{"$connections":{"defaultValue":{},"type":"Object"},"$authentication":{"defaultValue":{},"type":"SecureObject"}},"triggers":{"manual":{"splitOn":"@triggerBody()['rows']","type":"Request","kind":"ApiConnection","inputs":{"schema":{"type":"object","properties":{"rows":{"type":"array","items":{"type":"object","properties":{"entity":{"type":"object","properties":{"systemuserid":{"title":"User","type":"string","format":"guid"},"fullname":{"title":"Full Name","type":"string"}},"required":["systemuserid","fullname"]}},"required":["entity"]}}},"required":["rows"]},"host":{"connection":{"name":"@parameters('$connections')['shared_commondataservice']['connectionId']"}},"operationId":"GetOnNewItems_V2","parameters":{"dataset":"default.cds","table":"systemusers"}}}},"actions":{"Add_a_recipient_as_a_subscriber":{"runAfter":{"Get_user_record_data":["Succeeded"]},"type":"OpenApiConnection","inputs":{"host":{"connectionName":"shared_notiivybrowsernotif","operationId":"AddSubscriber","apiId":"/providers/Microsoft.PowerApps/apis/shared_notiivybrowsernotif"},"parameters":{"Subscriber/recipientUniqueID":"@triggerBody()?['entity']?['systemuserid']","Subscriber/Category":"@outputs('Get_user_record_data')?['body/ntvy_notiivyrecipientcategory@OData.Community.Display.V1.FormattedValue']","Subscriber/RecipientName":"@triggerBody()?['entity']?['fullname']"},"authentication":{"type":"Raw","value":"@json(decodeBase64(triggerOutputs().headers['X-MS-APIM-Tokens']))['$ConnectionKey']"}}},"Get_user_record_data":{"runAfter":{},"type":"OpenApiConnection","inputs":{"host":{"connectionName":"shared_commondataserviceforapps","operationId":"GetItem","apiId":"/providers/Microsoft.PowerApps/apis/shared_commondataserviceforapps"},"parameters":{"entityName":"systemusers","recordId":"@triggerBody()?['entity']?['systemuserid']","$select":"ntvy_notiivyrecipientcategory"},"authentication":{"type":"Raw","value":"@json(decodeBase64(triggerOutputs().headers['X-MS-APIM-Tokens']))['$ConnectionKey']"}}},"Update_Notiivy_subscription_URL_on_user_record":{"runAfter":{"Add_a_recipient_as_a_subscriber":["Succeeded"]},"type":"OpenApiConnection","inputs":{"host":{"connectionName":"shared_commondataserviceforapps","operationId":"UpdateRecord","apiId":"/providers/Microsoft.PowerApps/apis/shared_commondataserviceforapps"},"parameters":{"entityName":"systemusers","recordId":"@triggerBody()?['entity']?['systemuserid']","item/ntvy_notiivysubscriptionurl":"@outputs('Add_a_recipient_as_a_subscriber')?['body/message']"},"authentication":{"type":"Raw","value":"@json(decodeBase64(triggerOutputs().headers['X-MS-APIM-Tokens']))['$ConnectionKey']"}}}},"outputs":{}}},"schemaVersion":"1.0.0.0"}